Organization,Followed On
SkySeeker IT Solutions,Thu Jan 30 10:05:15 UTC 2025
Nueravi,Fri Aug 30 14:04:00 UTC 2024
"Maharaja Agrasen Institute Of Technology, Delhi",Sat Aug 10 10:09:36 UTC 2024
Infosys,Mon Aug 05 09:11:56 UTC 2024
Microsoft,Mon Aug 05 09:11:56 UTC 2024
Data Analysis,Sun Aug 04 15:38:04 UTC 2024
Database Engineering,Sun Aug 04 15:37:51 UTC 2024
Web Development,Sun Aug 04 15:37:18 UTC 2024
Data Structures,Sun Aug 04 15:36:36 UTC 2024
Suvidha Foundation (Suvidha Mahila Mandal),Sun Aug 04 15:35:03 UTC 2024
LinkedIn News India,Wed Feb 14 13:44:12 UTC 2024
Guru Gobind Singh Indraprastha University,Wed Feb 14 13:42:08 UTC 2024

