Date/Time,Media Description,Media Link
"You uploaded a document on February 7, 2025 at 7:01 AM (GMT)", -,https://media.licdn.com/dms/document/media/v2/D562DAQGDtuhG1Sx6-g/profile-treasury-document-pdf-analyzed/profile-treasury-document-pdf-analyzed/0/1738911690117?e=2147483647&v=beta&t=pNXkKyhle2aeHPrL7O4uQzkYActT_5udZ99ffockuK8
"You uploaded a document on January 31, 2025 at 12:09 PM (GMT)", -,https://media.licdn.com/dms/document/media/v2/D562DAQHSbfSW4TIbhQ/profile-treasury-document-pdf-analyzed/profile-treasury-document-pdf-analyzed/0/1738325382857?e=2147483647&v=beta&t=lvY4UAUeqcRYmNhSLb0exAo-lA1iNecee8RWHJWiMks
"You uploaded a profile background photo on August 4, 2024 at 4:38 PM (GMT)", -,https://media.licdn.com/dms/image/v2/D5616AQFU6moi7JtPow/profile-displaybackgroundimage-shrink_200_800/profile-displaybackgroundimage-shrink_200_800/0/1722789546589?e=2147483647&v=beta&t=z-vF4nCpElcDFppyJeF-ZU8ziR5aN_TEjL6d4uuAZO8
"You uploaded a profile background photo on August 4, 2024 at 4:38 PM (GMT)", -,https://media.licdn.com/dms/image/v2/D5604AQEcnQ66Hqzjug/profile-originalbackgroundimage-shrink_396_1584/profile-originalbackgroundimage-shrink_396_1584/0/1722789534626?e=1747267200&v=beta&t=e7ioro-ci_AJ3Y8C_JO2-MfIYKvZFXme3onjuEbnAn4
"You uploaded a photo on August 4, 2024 at 4:31 PM (GMT)", -,https://media.licdn.com/dms/image/v2/D562DAQH8vf_ksHPegA/profile-treasury-image-shrink_8192_8192/profile-treasury-image-shrink_8192_8192/0/1722789119656?e=2147483647&v=beta&t=TuJuccbFLzKZNW8ztyCh5cEkmfNoQdEJYxBywDpjAcI
"You uploaded a photo on August 4, 2024 at 4:27 PM (GMT)", -,https://media.licdn.com/dms/image/v2/D562DAQGRhXjTftUBRA/profile-treasury-image-shrink_8192_8192/profile-treasury-image-shrink_8192_8192/0/1722788853551?e=2147483647&v=beta&t=Z33fKHNGQbdvFxUshtrglTMNT6Kru6c2vZWjTnVPr7Q
"You uploaded a photo on August 4, 2024 at 4:24 PM (GMT)", -,https://media.licdn.com/dms/image/v2/D562DAQEcAaRN83LGaA/profile-treasury-image-shrink_8192_8192/profile-treasury-image-shrink_8192_8192/0/1722788658992?e=2147483647&v=beta&t=sAoO_QT-8GINy4KRo2eds8KfarL0X0Fy_RyvCc99Q-8
"You uploaded a photo on August 4, 2024 at 4:20 PM (GMT)", -,https://media.licdn.com/dms/image/v2/D562DAQHPcdtojRPe5A/profile-treasury-image-shrink_800_800/profile-treasury-image-shrink_800_800/0/1722788419138?e=2147483647&v=beta&t=kjQdwDunNaAn73wn2ueyVquaRwqzDtUz_YhhcRa20jc
"You uploaded a document on August 4, 2024 at 4:13 PM (GMT)", -,https://media.licdn.com/dms/image/v2/D562DAQH_U7spi9lEmQ/profile-treasury-document-cover-images_1920/profile-treasury-document-cover-images_1920/0/1722788013006?e=2147483647&v=beta&t=zh9tKK7fG4q7oT6TLMfinypzue9mRNVHGorzMrlLR2s
"You uploaded a document on August 4, 2024 at 4:12 PM (GMT)", -,https://media.licdn.com/dms/image/v2/D562DAQF0qkvfYGziqA/profile-treasury-document-cover-images_1920/profile-treasury-document-cover-images_1920/0/1722787963210?e=2147483647&v=beta&t=FEVMe3JMBDBLZHCaOr8Qz9kRe_4mbswegSy86yBI0J4
"You uploaded a document on August 4, 2024 at 4:11 PM (GMT)", -,https://media.licdn.com/dms/image/v2/D562DAQGGDpS3H5BRbg/profile-treasury-document-cover-images_1920/profile-treasury-document-cover-images_1920/0/1722787909022?e=2147483647&v=beta&t=QXX-jEJPS2BzUM0KMVi32nWovegdE_KycD1elbp_mUs
"You uploaded a document on August 4, 2024 at 4:10 PM (GMT)", -,https://media.licdn.com/dms/image/v2/D562DAQH_ZGCQaj36wg/profile-treasury-document-cover-images_1920/profile-treasury-document-cover-images_1920/0/1722787839832?e=2147483647&v=beta&t=MqB13MQuX_TbKl-8NH5Ri-gvDgNl8USZFd54-q3SYOo
"You uploaded a document on August 4, 2024 at 4:09 PM (GMT)", -,https://media.licdn.com/dms/image/v2/D562DAQF4ed3ZJP18OA/profile-treasury-document-cover-images_1920/profile-treasury-document-cover-images_1920/0/1722787758116?e=2147483647&v=beta&t=nMMuLqE_Go-Rjrp5pFSpWpKIgrO-qgO_Yhujh7E5wiQ
"You uploaded a document on August 4, 2024 at 4:07 PM (GMT)", -,https://media.licdn.com/dms/image/v2/D562DAQFpEehJuGAIFQ/profile-treasury-document-cover-images_1920/profile-treasury-document-cover-images_1920/0/1722787653093?e=2147483647&v=beta&t=ArL__YGTAzsoOqc4dX-W7G-Mk9E4fZWhUWsh7BSp8Z0
"You uploaded a document on August 4, 2024 at 4:05 PM (GMT)", -,https://media.licdn.com/dms/image/v2/D562DAQFLvRcy5MnWXg/profile-treasury-document-cover-images_1920/profile-treasury-document-cover-images_1920/0/1722787559101?e=2147483647&v=beta&t=Ws5_zzesiu-3H8B8XlVg1FrsGP3v43uhrJ2axXLFxjU
"You uploaded a document on August 4, 2024 at 4:03 PM (GMT)", -,https://media.licdn.com/dms/document/media/v2/D562DAQGeeQx1IrNaqA/profile-treasury-document-pdf-analyzed/profile-treasury-document-pdf-analyzed/0/1722787436257?e=2147483647&v=beta&t=oqMe7NEEahZc6gebL8d-2Be0OQah9ho9fSFS_Xl8g58
"You uploaded a document on August 4, 2024 at 4:02 PM (GMT)", -,https://media.licdn.com/dms/document/media/v2/D562DAQG-QptqzLuH-Q/profile-treasury-document-pdf-analyzed/profile-treasury-document-pdf-analyzed/0/1722787361537?e=2147483647&v=beta&t=HXUkzXM-L-2RX6fwjfU9P8zHa5DBsmt8uyvaRzvRzLM
"You uploaded a document on August 4, 2024 at 3:48 PM (GMT)", -,https://media.licdn.com/dms/document/media/v2/D562DAQERKycIlvxhaQ/profile-treasury-document-pdf-analyzed/profile-treasury-document-pdf-analyzed/0/1722786515522?e=2147483647&v=beta&t=FQscday8_oWbf7bXwAVBgjTZHraZPHQPvpsHi8M02ho
"You uploaded a photo on August 4, 2024 at 3:44 PM (GMT)", -,https://media.licdn.com/dms/image/v2/D562DAQE1xEvD_pD2rA/profile-treasury-image-shrink_8192_8192/profile-treasury-image-shrink_8192_8192/0/1722786292810?e=2147483647&v=beta&t=K6J3dp4vFx71euAnxJcVmQ72poUngiK07yuq0GRyHWE
"You uploaded a document on July 25, 2024 at 8:06 AM (GMT)", -,https://media.licdn.com/dms/document/media/v2/D562DAQGnMw04cfNf3g/profile-treasury-document-pdf-analyzed/profile-treasury-document-pdf-analyzed/0/1721894815548?e=2147483647&v=beta&t=DkOZHc0VtlUvgnfq9Z6V-buqqpl-2mtZnLUqghCDNAI
"You uploaded a document on July 25, 2024 at 8:05 AM (GMT)", -,https://media.licdn.com/dms/document/media/v2/D562DAQHZOq6bOVufZA/profile-treasury-document-pdf-analyzed/profile-treasury-document-pdf-analyzed/0/1721894716938?e=2147483647&v=beta&t=3p3-kYgwKDeEdn3gl6Beiif5HCU8hCR01W1x-JBgHvE
"You uploaded a profile photo on February 14, 2024 at 1:41 PM (GMT)", -,https://media.licdn.com/dms/image/v2/D5603AQGV1cxY2ktWqw/profile-displayphoto-shrink_100_100/profile-displayphoto-shrink_100_100/0/1707918076485?e=2147483647&v=beta&t=iOHc_Se_kYcl36IM9ePIJMwAusJ1gwXN-FHndgghTLE
"You uploaded a profile photo on February 14, 2024 at 1:41 PM (GMT)", -,https://media.licdn.com/dms/image/v2/D5604AQHh9p4arB6hWA/profile-originalphoto-shrink_900_1200/profile-originalphoto-shrink_900_1200/0/1707918076487?e=1747267200&v=beta&t=9nKkmivoVJXnVEZyi-TO0xLJu07lFUQOhvTVYjEVX9U

