Time,Search Query
2024/07/26 11:46:20 UTC,software engineer
2024/07/26 12:48:11 UTC,software engineer
2024/07/26 12:48:11 UTC,software engineer
2024/07/26 12:48:11 UTC,software engineer
2024/07/26 12:48:11 UTC,software engineer
2024/08/04 13:10:00 UTC,software engineer
2024/08/04 13:10:00 UTC,software engineer
2024/08/04 13:10:00 UTC,software engineer
2024/08/04 13:10:00 UTC,software engineer
2024/08/04 15:52:14 UTC,software engineer
2024/08/04 15:56:09 UTC,software engineer
2024/08/04 16:41:41 UTC,aditya singh chauhan
2024/08/04 16:41:42 UTC,annant goyal
2024/08/04 16:41:42 UTC,inger andersen
2024/08/04 16:41:43 UTC,andre de grasse, oly
2024/08/04 16:41:43 UTC,andrew pitman, ao, faa
2024/08/04 16:41:49 UTC,andrew n
2024/08/04 16:41:50 UTC,andrew ng
2024/08/04 16:42:01 UTC,andrew ng
2024/08/04 16:42:20 UTC,bhavyadeep swarpal
2024/08/04 16:42:20 UTC,bhavyadeep swarpal
2024/08/04 16:42:21 UTC,bhavyadeep swarpal
2024/08/05 09:09:32 UTC,Ishan Sharma
2024/08/05 09:09:54 UTC,Ishan Sharma
2024/08/05 09:09:56 UTC,Ishan Sharma
2024/08/05 09:10:14 UTC,sarvagya sarvagya
2024/08/05 09:10:15 UTC,sarvagya joshi
2024/08/05 09:10:22 UTC,Sarvagya Joshi
2024/08/05 09:10:23 UTC,Sarvagya Joshi
2024/08/05 09:12:52 UTC,sarvagya joshi
2024/08/05 09:12:54 UTC,sarvagya joshi
2024/08/05 09:13:12 UTC,pranjay mittal
2024/08/05 09:13:13 UTC,pranjay kumar
2024/08/05 09:13:15 UTC,pranjay kumar
2024/08/05 09:13:15 UTC,pranjay kumar
2024/08/05 09:13:16 UTC,pranjay kumar
2024/08/05 13:07:56 UTC,software engineer
2024/08/05 13:07:56 UTC,software engineer
2024/08/05 13:07:56 UTC,software engineer
2024/08/05 13:07:56 UTC,software engineer
2024/08/05 15:22:55 UTC,ai engineer
2024/08/05 19:42:09 UTC,software engineer
2024/08/05 19:49:09 UTC,software engineer
2024/08/06 13:06:56 UTC,software engineer
2024/08/06 13:06:56 UTC,software engineer
2024/08/06 13:06:56 UTC,software engineer
2024/08/06 13:06:56 UTC,software engineer
2024/08/06 15:57:43 UTC,Coincent
2024/08/06 15:57:45 UTC,Coincent
2024/08/06 15:59:09 UTC,Coincent
2024/08/06 23:12:30 UTC,software engineer
2024/08/06 23:17:28 UTC,software engineer
2024/08/07 08:33:43 UTC,Bhavyadeep Swarpal
2024/08/07 08:33:44 UTC,Bhavyadeep Swarpal
2024/08/07 08:34:26 UTC,anuj kumar
2024/08/07 08:34:31 UTC,Anuj Kumar
2024/08/07 08:34:32 UTC,Anuj Kumar
2024/08/07 08:34:38 UTC,Anuj Kumar
2024/08/07 08:34:38 UTC,Anuj Kumar
2024/08/07 08:34:39 UTC,Anuj Kumar
2024/08/07 08:34:45 UTC,Anuj Kumar
2024/08/07 08:34:45 UTC,Anuj Kumar
2024/08/07 08:34:46 UTC,Anuj Kumar
2024/08/07 08:34:46 UTC,Anuj Kumar
2024/08/07 08:34:47 UTC,Anuj Kumar
2024/08/07 08:35:08 UTC,Anuj Kumar
2024/08/07 08:35:08 UTC,Anuj Kumar
2024/08/07 13:09:32 UTC,software engineer
2024/08/07 13:09:32 UTC,software engineer
2024/08/07 13:09:32 UTC,software engineer
2024/08/07 13:09:32 UTC,software engineer
2024/08/08 03:03:41 UTC,software engineer
2024/08/08 03:08:40 UTC,software engineer
2024/08/08 13:10:45 UTC,software engineer
2024/08/08 13:10:45 UTC,software engineer
2024/08/08 13:10:45 UTC,software engineer
2024/08/08 13:10:45 UTC,software engineer
2024/08/09 07:47:49 UTC,software engineer
2024/08/09 07:54:52 UTC,software engineer
2024/08/09 10:30:39 UTC,hardware engineer
2024/08/09 10:30:39 UTC,hays
2024/08/09 10:30:39 UTC,microsoft
2024/08/09 10:30:40 UTC,harsh mariwala
2024/08/09 10:30:40 UTC,harsh's tutorial
2024/08/09 10:30:41 UTC,hars saraf
2024/08/09 10:30:44 UTC,harsh harsh
2024/08/09 10:30:44 UTC,harsh sanghavi
2024/08/09 10:30:45 UTC,harshit sharma
2024/08/09 10:30:52 UTC,Harsh Sharma
2024/08/09 10:30:54 UTC,Harsh Sharma
2024/08/09 10:31:00 UTC,Harsh Sharma
2024/08/09 10:31:33 UTC,Harsh Sharma
2024/08/09 10:31:34 UTC,Harsh Sharma
2024/08/09 10:32:04 UTC,Gaurav Singh
2024/08/09 10:32:05 UTC,Gaurav Singh
2024/08/09 10:32:21 UTC,Gaurav Singh
2024/08/09 10:32:22 UTC,Gaurav Singh
2024/08/09 10:32:26 UTC,Gaurav Singh
2024/08/09 10:32:27 UTC,Gaurav Singh
2024/08/09 10:32:38 UTC,Gaurav Singh
2024/08/09 10:32:51 UTC,Gaurav Singh
2024/08/09 10:32:52 UTC,Gaurav Singh
2024/08/09 10:33:00 UTC,didem ay
2024/08/09 10:33:01 UTC,ayush srivastava
2024/08/09 10:33:01 UTC,melinda ayu
2024/08/09 10:33:03 UTC,ayush kumar
2024/08/09 10:33:07 UTC,Ayush Kumar
2024/08/09 10:33:09 UTC,Ayush Kumar
2024/08/09 10:33:28 UTC,Punit
2024/08/09 10:33:29 UTC,Punit
2024/08/09 10:33:43 UTC,Punit
2024/08/09 10:33:44 UTC,Punit
2024/08/09 10:33:54 UTC,Punit
2024/08/09 10:33:54 UTC,Punit
2024/08/09 10:35:09 UTC,punit kundalia
2024/08/09 10:35:09 UTC,punit kundalia
2024/08/09 10:35:10 UTC,punit kundalia
2024/08/09 10:35:21 UTC,aditya singh chauhan
2024/08/09 10:35:23 UTC,aditya roy
2024/08/09 10:35:23 UTC,roshni aditya
2024/08/09 10:35:26 UTC,Aditya Roy
2024/08/09 10:35:28 UTC,Aditya Roy
2024/08/09 13:05:25 UTC,software engineer
2024/08/09 13:05:25 UTC,software engineer
2024/08/09 13:05:25 UTC,software engineer
2024/08/09 13:05:26 UTC,software engineer
2024/08/10 10:07:17 UTC,lakshya kumar
2024/08/10 10:07:17 UTC,linkedin news india
2024/08/10 10:07:18 UTC,lakshay lakshay
2024/08/10 10:07:23 UTC,lakshay kumar
2024/08/10 10:07:28 UTC,Lakshay Kumar
2024/08/10 10:07:29 UTC,Lakshay Kumar
2024/08/10 10:07:48 UTC,Lakshay Kumar
2024/08/10 10:07:49 UTC,Lakshay Kumar
2024/08/10 10:09:22 UTC,MAIT
2024/08/10 10:09:23 UTC,MAIT
2024/08/10 10:09:28 UTC,MAIT
2024/08/10 10:09:29 UTC,MAIT
2024/08/10 10:09:33 UTC,MAIT
2024/08/10 11:24:47 UTC,software engineer
2024/08/10 11:30:34 UTC,software engineer
2024/08/10 13:03:48 UTC,software engineer
2024/08/10 13:03:48 UTC,software engineer
2024/08/10 13:03:48 UTC,software engineer
2024/08/10 13:03:48 UTC,software engineer
2024/08/11 13:01:34 UTC,software engineer
2024/08/11 13:01:34 UTC,software engineer
2024/08/11 13:01:34 UTC,software engineer
2024/08/11 13:01:34 UTC,software engineer
2024/08/11 15:07:02 UTC,software engineer
2024/08/11 15:12:43 UTC,software engineer
2024/08/12 13:12:23 UTC,software engineer
2024/08/12 13:12:23 UTC,software engineer
2024/08/12 13:12:23 UTC,software engineer
2024/08/12 13:12:23 UTC,software engineer
2024/08/12 18:45:58 UTC,software engineer
2024/08/12 18:51:28 UTC,software engineer
2024/08/13 09:43:04 UTC,Aditya Roy
2024/08/13 09:43:05 UTC,Aditya Roy
2024/08/13 09:43:43 UTC,maharaja agrasen institute of technology, delhi
2024/08/13 09:43:44 UTC,aditya roy
2024/08/13 09:43:47 UTC,aditya singh chauhan
2024/08/13 09:43:48 UTC,aditya singh chauhan
2024/08/13 09:45:31 UTC,shivam shivam
2024/08/13 09:45:33 UTC,shivam gupta
2024/08/13 09:45:41 UTC,Shivam Gupta
2024/08/13 09:45:42 UTC,Shivam Gupta
2024/08/13 09:46:44 UTC,aditya kumar
2024/08/13 09:46:46 UTC,aditya kumar
2024/08/13 09:46:51 UTC,aditya kumar
2024/08/13 09:46:52 UTC,aditya kumar
2024/08/13 09:46:52 UTC,aditya kumar
2024/08/13 09:46:53 UTC,aditya kumar
2024/08/13 09:46:57 UTC,aditya kumar
2024/08/13 09:47:00 UTC,aditya kumar
2024/08/13 09:47:49 UTC,aditya kumar
2024/08/13 09:47:50 UTC,aditya kumar
2024/08/13 09:48:00 UTC,aditya kumar
2024/08/13 09:48:01 UTC,aditya kumar
2024/08/13 09:48:03 UTC,aditya kumar
2024/08/13 09:48:03 UTC,aditya kumar
2024/08/13 09:48:03 UTC,aditya kumar
2024/08/13 09:48:04 UTC,aditya kumar
2024/08/13 09:48:04 UTC,aditya kumar
2024/08/13 09:48:11 UTC,aditya kumar
2024/08/13 09:48:11 UTC,aditya kumar
2024/08/13 09:48:11 UTC,aditya kumar
2024/08/13 09:48:12 UTC,aditya kumar
2024/08/13 09:48:12 UTC,aditya kumar
2024/08/13 09:48:24 UTC,aditya kumar
2024/08/13 09:48:24 UTC,aditya kumar
2024/08/13 09:48:24 UTC,aditya kumar
2024/08/13 09:48:25 UTC,aditya kumar
2024/08/13 09:49:17 UTC,aditya kumar
2024/08/13 09:49:18 UTC,aditya kumar
2024/08/13 09:49:23 UTC,puneet
2024/08/13 09:49:24 UTC,pradnya punekar
2024/08/13 09:49:24 UTC,puneet jindal
2024/08/13 09:49:24 UTC,punit kundalia
2024/08/13 09:49:26 UTC,punit kundalia
2024/08/13 09:53:28 UTC,Aditya Roy
2024/08/13 09:53:30 UTC,Aditya Roy
2024/08/13 12:53:01 UTC,sarthak mehra
2024/08/13 12:53:02 UTC,sarv saravanan
2024/08/13 12:53:03 UTC,sarva damani
2024/08/13 12:53:04 UTC,sarvagya singh
2024/08/13 12:53:08 UTC,Sarvagya Joshi
2024/08/13 12:53:08 UTC,sarvagya joshi
2024/08/13 12:53:09 UTC,Sarvagya Joshi
2024/08/13 13:14:37 UTC,software engineer
2024/08/13 13:14:37 UTC,software engineer
2024/08/13 13:14:37 UTC,software engineer
2024/08/13 13:14:37 UTC,software engineer
2024/08/13 22:33:13 UTC,software engineer
2024/08/13 22:36:30 UTC,software engineer
2024/08/14 12:53:08 UTC,software engineer
2024/08/14 12:53:08 UTC,software engineer
2024/08/14 12:53:08 UTC,software engineer
2024/08/14 12:53:08 UTC,software engineer
2024/08/15 02:21:34 UTC,software engineer
2024/08/15 02:26:28 UTC,software engineer
2024/08/15 13:35:31 UTC,software engineer
2024/08/15 13:35:31 UTC,software engineer
2024/08/15 13:35:31 UTC,software engineer
2024/08/15 13:35:31 UTC,software engineer
2024/08/16 06:04:54 UTC,software engineer
2024/08/16 06:08:49 UTC,software engineer
2024/08/16 13:15:33 UTC,software engineer
2024/08/16 13:15:33 UTC,software engineer
2024/08/16 13:15:33 UTC,software engineer
2024/08/16 13:15:33 UTC,software engineer
2024/08/17 09:51:44 UTC,software engineer
2024/08/17 09:54:32 UTC,software engineer
2024/08/17 13:04:00 UTC,software engineer
2024/08/17 13:04:00 UTC,software engineer
2024/08/17 13:04:00 UTC,software engineer
2024/08/17 13:04:01 UTC,software engineer
2024/08/18 13:06:05 UTC,software engineer
2024/08/18 13:06:05 UTC,software engineer
2024/08/18 13:06:05 UTC,software engineer
2024/08/18 13:06:05 UTC,software engineer
2024/08/18 13:30:53 UTC,software engineer
2024/08/18 13:35:28 UTC,software engineer
2024/08/19 13:01:57 UTC,software engineer
2024/08/19 13:01:58 UTC,software engineer
2024/08/19 13:01:58 UTC,software engineer
2024/08/19 13:01:58 UTC,software engineer
2024/08/19 17:18:13 UTC,software engineer
2024/08/19 17:22:54 UTC,software engineer
2024/08/20 08:32:28 UTC,pranjay kumar
2024/08/20 08:32:31 UTC,pranjay kumar
2024/08/20 08:33:19 UTC,hiya inc.
2024/08/20 08:33:21 UTC,hiya arora
2024/08/20 08:33:21 UTC,hiya arora
2024/08/20 08:36:46 UTC,hiya inc.
2024/08/20 08:36:49 UTC,pranjay kumar
2024/08/20 08:36:49 UTC,pranjay kumar
2024/08/20 08:36:50 UTC,pranjay kumar
2024/08/20 12:58:52 UTC,software engineer
2024/08/20 12:58:52 UTC,software engineer
2024/08/20 12:58:52 UTC,software engineer
2024/08/20 12:58:52 UTC,software engineer
2024/08/20 21:05:44 UTC,software engineer
2024/08/20 21:10:44 UTC,software engineer
2024/08/21 05:16:47 UTC,hiya arora
2024/08/21 05:16:59 UTC,Sarvagya Joshi
2024/08/21 05:17:00 UTC,Sarvagya Joshi
2024/08/21 10:18:37 UTC,annant goyal
2024/08/21 12:43:26 UTC,satyam anand
2024/08/21 12:43:35 UTC,sarvagya joshi
2024/08/21 12:43:40 UTC,aditya roy
2024/08/21 12:43:44 UTC,aditya roy
2024/08/21 12:43:54 UTC,aditya roy
2024/08/21 12:43:55 UTC,aditya roy
2024/08/21 12:44:11 UTC,software engineer
2024/08/21 12:44:11 UTC,software engineer
2024/08/21 12:44:11 UTC,software engineer
2024/08/21 12:44:11 UTC,software engineer
2024/08/21 12:44:49 UTC,punit kundalia
2024/08/21 12:44:49 UTC,punit kundalia
2024/08/21 12:44:50 UTC,punit kundalia
2024/08/22 01:14:59 UTC,software engineer
2024/08/22 01:19:54 UTC,software engineer
2024/08/22 06:38:32 UTC,atulit gaur
2024/08/22 13:19:20 UTC,software engineer
2024/08/22 13:19:20 UTC,software engineer
2024/08/22 13:19:20 UTC,software engineer
2024/08/22 13:19:20 UTC,software engineer
2024/08/22 14:23:13 UTC,Intern
2024/08/23 05:30:01 UTC,software engineer
2024/08/23 05:34:31 UTC,software engineer
2024/08/23 13:42:56 UTC,software engineer
2024/08/23 13:42:56 UTC,software engineer
2024/08/23 13:42:56 UTC,software engineer
2024/08/23 13:42:56 UTC,software engineer
2024/08/24 09:46:32 UTC,software engineer
2024/08/24 09:50:13 UTC,software engineer
2024/08/24 13:01:28 UTC,software engineer
2024/08/24 13:01:28 UTC,software engineer
2024/08/24 13:01:28 UTC,software engineer
2024/08/24 13:01:28 UTC,software engineer
2024/08/24 13:17:07 UTC,himanshu payal
2024/08/24 13:17:07 UTC,himanta sarma achievements
2024/08/24 13:17:08 UTC,himani sheoran
2024/08/24 13:17:11 UTC,himani sharma
2024/08/24 13:17:16 UTC,harsh sharma
2024/08/24 13:17:32 UTC,himani sharma
2024/08/24 13:24:33 UTC,Himani Sharma
2024/08/24 17:40:03 UTC,Himani Sharma
2024/08/25 11:49:45 UTC,nadeem malik
2024/08/25 11:51:17 UTC,Punit Kundalia
2024/08/25 11:51:18 UTC,Punit Kundalia
2024/08/25 13:08:00 UTC,software engineer
2024/08/25 13:08:00 UTC,software engineer
2024/08/25 13:08:00 UTC,software engineer
2024/08/25 13:08:00 UTC,software engineer
2024/08/25 13:34:29 UTC,software engineer
2024/08/25 13:37:59 UTC,harsh sharma
2024/08/25 13:38:01 UTC,harsh sharma
2024/08/25 13:38:17 UTC,harsh sharma
2024/08/25 13:38:18 UTC,harsh sharma
2024/08/25 13:38:19 UTC,harsh sharma
2024/08/25 13:38:20 UTC,harsh sharma
2024/08/25 13:38:34 UTC,harsh sharma
2024/08/25 13:38:34 UTC,harsh sharma
2024/08/25 13:38:35 UTC,harsh sharma
2024/08/25 13:39:10 UTC,Harsh Sharma
2024/08/25 13:39:10 UTC,Harsh Sharma
2024/08/25 13:39:10 UTC,Harsh Sharma
2024/08/25 13:39:28 UTC,Harsh Sharma
2024/08/25 13:39:28 UTC,Harsh Sharma
2024/08/25 13:39:29 UTC,Harsh Sharma
2024/08/25 13:39:32 UTC,Harsh Sharma
2024/08/25 13:39:32 UTC,Harsh Sharma
2024/08/25 13:39:38 UTC,gaurav dhall
2024/08/25 13:39:42 UTC,gaurav singh
2024/08/25 13:39:43 UTC,gaurav singh
2024/08/25 13:39:50 UTC,gaurav singh
2024/08/25 13:39:51 UTC,gaurav singh
2024/08/25 13:39:52 UTC,gaurav singh
2024/08/25 13:40:01 UTC,gaurav singh
2024/08/25 13:40:01 UTC,gaurav singh
2024/08/25 13:40:09 UTC,gaurav kushwah
2024/08/25 13:40:13 UTC,gaurav kushwaha
2024/08/25 13:40:13 UTC,gaurav kushwaha
2024/08/25 13:40:16 UTC,gaurav kushwah
2024/08/25 13:40:16 UTC,gaurav kushwah
2024/08/25 13:40:16 UTC,gaurav kushwaha
2024/08/25 13:40:25 UTC,vicekeeper
2024/08/25 13:40:25 UTC,vivek kaushal
2024/08/25 13:40:28 UTC,Vivek Mavi
2024/08/25 13:40:28 UTC,Vivek Mavi
2024/08/25 13:40:32 UTC,Vivek Mavi
2024/08/25 13:40:32 UTC,Vivek Mavi
2024/08/25 13:40:32 UTC,Vivek Mavi
2024/08/25 13:40:33 UTC,Vivek Mavi
2024/08/25 13:41:37 UTC,software engineer
2024/08/26 13:13:26 UTC,software engineer
2024/08/26 13:13:26 UTC,software engineer
2024/08/26 13:13:26 UTC,software engineer
2024/08/26 13:13:26 UTC,software engineer
2024/08/26 17:21:14 UTC,software engineer
2024/08/26 17:31:02 UTC,software engineer
2024/08/27 12:49:56 UTC,software engineer
2024/08/27 12:49:56 UTC,software engineer
2024/08/27 12:49:56 UTC,software engineer
2024/08/27 12:49:56 UTC,software engineer
2024/08/27 15:42:46 UTC,Maharaja Agarsain Institute Of Technology
2024/08/27 15:42:48 UTC,Maharaja Agarsain Institute Of Technology
2024/08/27 15:43:10 UTC,Maharaja Agarsain Institute Of Technology
2024/08/27 15:45:54 UTC,SQL
2024/08/27 21:10:46 UTC,software engineer
2024/08/27 21:21:37 UTC,software engineer
2024/08/28 13:17:11 UTC,software engineer
2024/08/28 13:17:11 UTC,software engineer
2024/08/28 13:17:11 UTC,software engineer
2024/08/28 13:17:11 UTC,software engineer
2024/08/29 01:24:14 UTC,software engineer
2024/08/29 01:33:02 UTC,software engineer
2024/08/29 10:47:25 UTC,atulit gaur
2024/08/29 12:58:33 UTC,software engineer
2024/08/29 12:58:33 UTC,software engineer
2024/08/29 12:58:33 UTC,software engineer
2024/08/29 12:58:33 UTC,software engineer
2024/08/30 05:30:25 UTC,software engineer
2024/08/30 05:37:44 UTC,software engineer
2024/08/30 13:15:56 UTC,software engineer
2024/08/30 13:15:56 UTC,software engineer
2024/08/30 13:15:57 UTC,software engineer
2024/08/30 13:15:57 UTC,software engineer
2024/08/31 09:24:17 UTC,software engineer
2024/08/31 09:33:27 UTC,software engineer
2024/08/31 12:53:32 UTC,software engineer
2024/08/31 12:53:32 UTC,software engineer
2024/08/31 12:53:32 UTC,software engineer
2024/08/31 12:53:32 UTC,software engineer
2024/09/01 13:10:06 UTC,software engineer
2024/09/01 13:10:06 UTC,software engineer
2024/09/01 13:10:06 UTC,software engineer
2024/09/01 13:10:06 UTC,software engineer
2024/09/01 13:22:30 UTC,software engineer
2024/09/01 13:28:18 UTC,software engineer
2024/09/02 13:03:38 UTC,software engineer
2024/09/02 13:03:38 UTC,software engineer
2024/09/02 13:03:38 UTC,software engineer
2024/09/02 13:03:38 UTC,software engineer
2024/09/02 13:28:13 UTC,pallavi pallavi
2024/09/02 13:28:17 UTC,pallavi shukla
2024/09/02 13:28:20 UTC,Pallavi Shukla
2024/09/02 13:28:21 UTC,Pallavi Shukla
2024/09/02 13:28:31 UTC,Pallavi Shukla
2024/09/02 13:28:36 UTC,Pallavi Shukla
2024/09/02 13:28:36 UTC,Pallavi Shukla
2024/09/02 13:28:37 UTC,Pallavi Shukla
2024/09/02 17:21:57 UTC,software engineer
2024/09/02 17:25:45 UTC,software engineer
2024/09/03 13:13:53 UTC,software engineer
2024/09/03 13:13:53 UTC,software engineer
2024/09/03 13:13:53 UTC,software engineer
2024/09/03 13:13:53 UTC,software engineer
2024/09/03 21:42:58 UTC,software engineer
2024/09/03 21:46:12 UTC,software engineer
2024/09/04 14:30:05 UTC,software engineer
2024/09/04 14:30:05 UTC,software engineer
2024/09/04 14:30:05 UTC,software engineer
2024/09/04 14:30:05 UTC,software engineer
2024/09/05 01:44:21 UTC,software engineer
2024/09/05 01:50:21 UTC,software engineer
2024/09/05 12:49:43 UTC,software engineer
2024/09/05 12:49:43 UTC,software engineer
2024/09/05 12:49:43 UTC,software engineer
2024/09/05 12:49:43 UTC,software engineer
2024/09/06 05:49:56 UTC,software engineer
2024/09/06 05:58:42 UTC,software engineer
2024/09/06 13:14:15 UTC,software engineer
2024/09/06 13:14:15 UTC,software engineer
2024/09/06 13:14:16 UTC,software engineer
2024/09/06 13:14:16 UTC,software engineer
2024/09/07 09:26:35 UTC,software engineer
2024/09/07 09:36:29 UTC,software engineer
2024/09/07 12:56:58 UTC,software engineer
2024/09/07 12:56:58 UTC,software engineer
2024/09/07 12:56:58 UTC,software engineer
2024/09/07 12:56:58 UTC,software engineer
2024/09/08 13:00:37 UTC,software engineer
2024/09/08 13:11:57 UTC,software engineer
2024/09/08 13:22:03 UTC,software engineer
2024/09/08 13:22:03 UTC,software engineer
2024/09/08 13:22:03 UTC,software engineer
2024/09/08 13:22:03 UTC,software engineer
2024/09/09 13:00:50 UTC,software engineer
2024/09/09 13:00:50 UTC,software engineer
2024/09/09 13:00:50 UTC,software engineer
2024/09/09 13:00:50 UTC,software engineer
2024/09/09 16:49:30 UTC,software engineer
2024/09/09 17:02:16 UTC,software engineer
2024/09/10 13:04:21 UTC,software engineer
2024/09/10 13:04:21 UTC,software engineer
2024/09/10 13:04:21 UTC,software engineer
2024/09/10 13:04:21 UTC,software engineer
2024/09/10 20:22:50 UTC,software engineer
2024/09/10 20:36:17 UTC,software engineer
2024/09/11 12:49:33 UTC,software engineer
2024/09/11 12:49:33 UTC,software engineer
2024/09/11 12:49:33 UTC,software engineer
2024/09/11 12:49:33 UTC,software engineer
2024/09/11 23:58:14 UTC,software engineer
2024/09/12 00:11:59 UTC,software engineer
2024/09/12 13:06:01 UTC,software engineer
2024/09/12 13:06:01 UTC,software engineer
2024/09/12 13:06:01 UTC,software engineer
2024/09/12 13:06:01 UTC,software engineer
2024/09/13 03:35:52 UTC,software engineer
2024/09/13 03:50:01 UTC,software engineer
2024/09/13 14:37:42 UTC,software engineer
2024/09/13 14:37:42 UTC,software engineer
2024/09/13 14:37:42 UTC,software engineer
2024/09/13 14:37:42 UTC,software engineer
2024/09/14 05:02:58 UTC,anmol gupta
2024/09/14 05:03:09 UTC,Anmol
2024/09/14 05:03:10 UTC,Anmol
2024/09/14 05:03:18 UTC,Anmol
2024/09/14 05:03:18 UTC,Anmol
2024/09/14 05:03:19 UTC,Anmol
2024/09/14 05:03:27 UTC,Anmol
2024/09/14 05:03:27 UTC,Anmol
2024/09/14 05:03:28 UTC,Anmol
2024/09/14 05:03:29 UTC,Anmol
2024/09/14 05:03:38 UTC,Anmol
2024/09/14 07:13:28 UTC,software engineer
2024/09/14 07:26:27 UTC,software engineer
2024/09/14 13:13:48 UTC,software engineer
2024/09/14 13:13:48 UTC,software engineer
2024/09/14 13:13:48 UTC,software engineer
2024/09/14 13:13:48 UTC,software engineer
2024/09/15 10:53:04 UTC,software engineer
2024/09/15 11:05:37 UTC,software engineer
2024/09/15 13:11:30 UTC,software engineer
2024/09/15 13:11:30 UTC,software engineer
2024/09/15 13:11:30 UTC,software engineer
2024/09/15 13:11:30 UTC,software engineer
2024/09/16 13:06:24 UTC,software engineer
2024/09/16 13:06:24 UTC,software engineer
2024/09/16 13:06:24 UTC,software engineer
2024/09/16 13:06:24 UTC,software engineer
2024/09/16 14:35:13 UTC,software engineer
2024/09/16 14:44:02 UTC,software engineer
2024/09/17 12:56:40 UTC,software engineer
2024/09/17 12:56:40 UTC,software engineer
2024/09/17 12:56:40 UTC,software engineer
2024/09/17 12:56:40 UTC,software engineer
2024/09/17 18:14:57 UTC,software engineer
2024/09/17 18:26:02 UTC,software engineer
2024/09/18 12:48:28 UTC,software engineer
2024/09/18 12:48:28 UTC,software engineer
2024/09/18 12:48:28 UTC,software engineer
2024/09/18 12:48:28 UTC,software engineer
2024/09/18 21:59:39 UTC,software engineer
2024/09/18 22:09:38 UTC,software engineer
2024/09/19 13:04:05 UTC,software engineer
2024/09/19 13:04:05 UTC,software engineer
2024/09/19 13:04:05 UTC,software engineer
2024/09/19 13:04:05 UTC,software engineer
2024/09/20 01:45:06 UTC,software engineer
2024/09/20 01:53:51 UTC,software engineer
2024/09/20 13:02:02 UTC,software engineer
2024/09/20 13:02:02 UTC,software engineer
2024/09/20 13:02:02 UTC,software engineer
2024/09/20 13:02:02 UTC,software engineer
2024/09/21 05:33:44 UTC,software engineer
2024/09/21 05:39:48 UTC,software engineer
2024/09/21 13:00:26 UTC,software engineer
2024/09/21 13:00:26 UTC,software engineer
2024/09/21 13:00:26 UTC,software engineer
2024/09/21 13:00:26 UTC,software engineer
2024/09/21 13:26:14 UTC,Data Science Specialist
2024/09/22 09:21:46 UTC,software engineer
2024/09/22 09:27:49 UTC,software engineer
2024/09/22 12:57:38 UTC,software engineer
2024/09/22 12:57:38 UTC,software engineer
2024/09/22 12:57:38 UTC,software engineer
2024/09/22 12:57:38 UTC,software engineer
2024/09/23 13:09:28 UTC,software engineer
2024/09/23 13:09:28 UTC,software engineer
2024/09/23 13:09:28 UTC,software engineer
2024/09/23 13:09:28 UTC,software engineer
2024/09/23 13:10:26 UTC,software engineer
2024/09/23 13:15:33 UTC,software engineer
2024/09/24 13:15:01 UTC,software engineer
2024/09/24 13:15:01 UTC,software engineer
2024/09/24 13:15:01 UTC,software engineer
2024/09/24 13:15:01 UTC,software engineer
2024/09/24 17:02:07 UTC,software engineer
2024/09/24 17:09:07 UTC,software engineer
2024/09/25 13:03:07 UTC,software engineer
2024/09/25 13:03:07 UTC,software engineer
2024/09/25 13:03:07 UTC,software engineer
2024/09/25 13:03:07 UTC,software engineer
2024/09/25 20:26:37 UTC,software engineer
2024/09/25 20:33:40 UTC,software engineer
2024/09/26 12:51:23 UTC,software engineer
2024/09/26 12:51:23 UTC,software engineer
2024/09/26 12:51:23 UTC,software engineer
2024/09/26 12:51:23 UTC,software engineer
2024/09/26 23:32:18 UTC,software engineer
2024/09/26 23:39:47 UTC,software engineer
2024/09/27 09:07:04 UTC,suvidha foundation (suvidha mahila mandal)
2024/09/27 09:07:06 UTC,suvidha foundation (suvidha mahila mandal)
2024/09/27 13:17:42 UTC,software engineer
2024/09/27 13:17:42 UTC,software engineer
2024/09/27 13:17:43 UTC,software engineer
2024/09/27 13:17:43 UTC,software engineer
2024/09/28 02:38:57 UTC,software engineer
2024/09/28 02:44:45 UTC,software engineer
2024/09/28 13:12:41 UTC,software engineer
2024/09/28 13:12:41 UTC,software engineer
2024/09/28 13:12:41 UTC,software engineer
2024/09/28 13:12:41 UTC,software engineer
2024/09/29 05:46:47 UTC,software engineer
2024/09/29 05:52:01 UTC,software engineer
2024/09/29 12:41:15 UTC,software engineer
2024/09/29 12:41:15 UTC,software engineer
2024/09/29 12:41:15 UTC,software engineer
2024/09/29 12:41:15 UTC,software engineer
2024/09/30 08:54:15 UTC,software engineer
2024/09/30 09:00:16 UTC,software engineer
2024/09/30 13:21:00 UTC,software engineer
2024/09/30 13:21:00 UTC,software engineer
2024/09/30 13:21:00 UTC,software engineer
2024/09/30 13:21:00 UTC,software engineer
2024/10/01 12:02:59 UTC,software engineer
2024/10/01 12:07:09 UTC,software engineer
2024/10/01 13:04:06 UTC,software engineer
2024/10/01 13:04:06 UTC,software engineer
2024/10/01 13:04:06 UTC,software engineer
2024/10/01 13:04:06 UTC,software engineer
2024/10/02 13:52:59 UTC,software engineer
2024/10/02 13:52:59 UTC,software engineer
2024/10/02 13:52:59 UTC,software engineer
2024/10/02 13:52:59 UTC,software engineer
2024/10/02 15:12:11 UTC,software engineer
2024/10/02 15:15:54 UTC,software engineer
2024/10/03 13:01:51 UTC,software engineer
2024/10/03 13:01:51 UTC,software engineer
2024/10/03 13:01:51 UTC,software engineer
2024/10/03 13:01:51 UTC,software engineer
2024/10/03 18:23:45 UTC,software engineer
2024/10/03 18:30:01 UTC,software engineer
2024/10/04 12:52:27 UTC,software engineer
2024/10/04 12:52:27 UTC,software engineer
2024/10/04 12:52:27 UTC,software engineer
2024/10/04 12:52:27 UTC,software engineer
2024/10/04 21:37:50 UTC,software engineer
2024/10/04 21:43:22 UTC,software engineer
2024/10/05 12:54:31 UTC,software engineer
2024/10/05 12:54:31 UTC,software engineer
2024/10/05 12:54:31 UTC,software engineer
2024/10/05 12:54:31 UTC,software engineer
2024/10/06 00:52:01 UTC,software engineer
2024/10/06 00:56:07 UTC,software engineer
2024/10/06 12:54:40 UTC,software engineer
2024/10/06 12:54:40 UTC,software engineer
2024/10/06 12:54:40 UTC,software engineer
2024/10/06 12:54:40 UTC,software engineer
2024/10/07 04:03:53 UTC,software engineer
2024/10/07 04:10:09 UTC,software engineer
2024/10/07 13:18:45 UTC,software engineer
2024/10/07 13:18:45 UTC,software engineer
2024/10/07 13:18:45 UTC,software engineer
2024/10/07 13:18:45 UTC,software engineer
2024/10/07 13:50:53 UTC,DAV Public School Pushpanjali Enclave
2024/10/07 13:50:54 UTC,DAV Public School Pushpanjali Enclave
2024/10/07 13:52:43 UTC,kirti aggarwal
2024/10/07 13:52:46 UTC,kartikey goel
2024/10/08 07:18:25 UTC,software engineer
2024/10/08 07:25:32 UTC,software engineer
2024/10/08 13:00:02 UTC,software engineer
2024/10/08 13:00:02 UTC,software engineer
2024/10/08 13:00:02 UTC,software engineer
2024/10/08 13:00:02 UTC,software engineer
2024/10/09 10:32:18 UTC,software engineer
2024/10/09 10:40:38 UTC,software engineer
2024/10/09 13:03:32 UTC,software engineer
2024/10/09 13:03:32 UTC,software engineer
2024/10/09 13:03:32 UTC,software engineer
2024/10/09 13:03:32 UTC,software engineer
2024/10/10 12:43:57 UTC,software engineer
2024/10/10 12:43:57 UTC,software engineer
2024/10/10 12:43:57 UTC,software engineer
2024/10/10 12:43:57 UTC,software engineer
2024/10/10 13:48:36 UTC,software engineer
2024/10/10 13:56:14 UTC,software engineer
2024/10/11 12:48:10 UTC,software engineer
2024/10/11 12:48:10 UTC,software engineer
2024/10/11 12:48:10 UTC,software engineer
2024/10/11 12:48:10 UTC,software engineer
2024/10/11 17:18:01 UTC,software engineer
2024/10/11 17:24:39 UTC,software engineer
2024/10/12 13:10:34 UTC,software engineer
2024/10/12 13:17:20 UTC,software engineer
2024/10/12 20:36:05 UTC,software engineer
2024/10/12 20:42:55 UTC,software engineer
2024/10/13 13:08:58 UTC,software engineer
2024/10/13 13:13:25 UTC,software engineer
2024/10/13 23:54:37 UTC,software engineer
2024/10/14 00:03:25 UTC,software engineer
2024/10/14 13:53:50 UTC,software engineer
2024/10/14 14:40:22 UTC,software engineer
2024/10/15 03:14:07 UTC,software engineer
2024/10/15 03:24:29 UTC,software engineer
2024/10/15 13:20:53 UTC,software engineer
2024/10/15 13:25:38 UTC,software engineer
2024/10/16 06:35:25 UTC,software engineer
2024/10/16 06:45:45 UTC,software engineer
2024/10/16 13:41:56 UTC,software engineer
2024/10/16 14:58:18 UTC,software engineer
2024/10/17 09:58:18 UTC,software engineer
2024/10/17 10:09:14 UTC,software engineer
2024/10/17 13:15:03 UTC,software engineer
2024/10/17 13:19:08 UTC,software engineer
2024/10/18 13:20:38 UTC,software engineer
2024/10/18 13:33:32 UTC,software engineer
2024/10/18 20:01:53 UTC,software engineer
2024/10/18 22:15:24 UTC,software engineer
2024/10/18 23:23:38 UTC,software engineer
2024/10/19 08:40:08 UTC,pawan aggarwal
2024/10/19 08:40:15 UTC,pawan sharma
2024/10/19 08:40:18 UTC,pallavi shukla
2024/10/19 08:40:18 UTC,pawan kumar sinha
2024/10/19 08:40:18 UTC,vidhi pawar
2024/10/19 08:40:36 UTC,aditya roy
2024/10/19 13:54:27 UTC,software engineer
2024/10/19 13:58:50 UTC,software engineer
2024/10/19 16:43:50 UTC,software engineer
2024/10/19 16:58:07 UTC,software engineer
2024/10/20 13:07:16 UTC,software engineer
2024/10/20 13:13:47 UTC,software engineer
2024/10/20 20:08:23 UTC,software engineer
2024/10/20 20:24:39 UTC,software engineer
2024/10/21 18:38:45 UTC,software engineer
2024/10/21 19:22:41 UTC,software engineer
2024/10/21 23:33:39 UTC,software engineer
2024/10/21 23:50:11 UTC,software engineer
2024/10/22 13:16:35 UTC,software engineer
2024/10/22 13:19:29 UTC,software engineer
2024/10/23 02:59:52 UTC,software engineer
2024/10/23 03:17:54 UTC,software engineer
2024/10/23 13:07:19 UTC,software engineer
2024/10/23 13:40:51 UTC,software engineer
2024/10/24 06:30:04 UTC,software engineer
2024/10/24 06:48:25 UTC,software engineer
2024/10/24 13:19:09 UTC,software engineer
2024/10/24 14:29:24 UTC,software engineer
2024/10/25 10:00:33 UTC,software engineer
2024/10/25 10:19:20 UTC,software engineer
2024/10/25 13:29:14 UTC,software engineer
2024/10/25 14:33:36 UTC,software engineer
2024/10/26 13:31:27 UTC,software engineer
2024/10/26 13:49:06 UTC,software engineer
2024/10/26 16:02:19 UTC,software engineer
2024/10/26 16:05:22 UTC,software engineer
2024/10/27 13:14:59 UTC,software engineer
2024/10/27 13:50:38 UTC,software engineer
2024/10/27 17:03:55 UTC,software engineer
2024/10/27 17:20:47 UTC,software engineer
2024/10/28 19:01:39 UTC,software engineer
2024/10/28 19:30:37 UTC,software engineer
2024/10/28 20:37:40 UTC,software engineer
2024/10/28 20:52:28 UTC,software engineer
2024/10/29 07:35:53 UTC,ayush verma
2024/10/29 07:35:59 UTC,ayush rai
2024/10/29 07:36:02 UTC,ayush rajput
2024/10/29 07:36:03 UTC,aditya roy
2024/10/29 13:09:46 UTC,software engineer
2024/10/29 13:16:18 UTC,software engineer
2024/10/30 00:10:26 UTC,software engineer
2024/10/30 00:27:41 UTC,software engineer
2024/10/30 13:23:54 UTC,software engineer
2024/10/30 13:24:04 UTC,software engineer
2024/10/31 03:44:13 UTC,software engineer
2024/10/31 04:01:44 UTC,software engineer
2024/10/31 13:09:40 UTC,software engineer
2024/10/31 13:20:34 UTC,software engineer
2024/11/01 07:22:39 UTC,software engineer
2024/11/01 07:40:23 UTC,software engineer
2024/11/01 13:13:37 UTC,software engineer
2024/11/01 13:22:18 UTC,software engineer
2024/11/02 11:00:29 UTC,software engineer
2024/11/02 11:18:59 UTC,software engineer
2024/11/02 13:13:36 UTC,software engineer
2024/11/02 13:16:46 UTC,software engineer
2024/11/03 14:09:21 UTC,software engineer
2024/11/03 14:22:25 UTC,software engineer
2024/11/03 14:36:37 UTC,software engineer
2024/11/03 14:56:39 UTC,software engineer
2024/11/04 14:13:38 UTC,software engineer
2024/11/04 14:26:42 UTC,software engineer
2024/11/04 18:14:03 UTC,software engineer
2024/11/04 18:34:20 UTC,software engineer
2024/11/05 14:09:13 UTC,software engineer
2024/11/05 14:10:13 UTC,software engineer
2024/11/05 21:55:35 UTC,software engineer
2024/11/05 22:14:33 UTC,software engineer
2024/11/06 14:16:54 UTC,software engineer
2024/11/06 14:25:06 UTC,software engineer
2024/11/07 01:35:52 UTC,software engineer
2024/11/07 01:57:01 UTC,software engineer
2024/11/07 14:09:27 UTC,software engineer
2024/11/07 14:12:33 UTC,software engineer
2024/11/08 05:17:25 UTC,software engineer
2024/11/08 05:39:10 UTC,software engineer
2024/11/08 14:21:33 UTC,software engineer
2024/11/08 14:22:40 UTC,software engineer
2024/11/09 09:00:16 UTC,software engineer
2024/11/09 09:22:40 UTC,software engineer
2024/11/09 18:53:13 UTC,software engineer
2024/11/09 19:07:06 UTC,software engineer
2024/11/10 12:43:40 UTC,software engineer
2024/11/10 13:07:42 UTC,software engineer
2024/11/10 14:09:23 UTC,software engineer
2024/11/10 14:11:41 UTC,software engineer
2024/11/11 16:28:46 UTC,software engineer
2024/11/11 16:50:20 UTC,software engineer
2024/11/11 18:41:04 UTC,software engineer
2024/11/11 18:57:12 UTC,software engineer
2024/11/12 14:12:56 UTC,software engineer
2024/11/12 14:20:05 UTC,software engineer
2024/11/12 20:13:33 UTC,software engineer
2024/11/12 20:34:09 UTC,software engineer
2024/11/13 14:12:42 UTC,software engineer
2024/11/13 14:29:44 UTC,software engineer
2024/11/14 00:26:54 UTC,software engineer
2024/11/14 00:46:08 UTC,software engineer
2024/11/14 14:14:39 UTC,software engineer
2024/11/14 14:18:08 UTC,software engineer
2024/11/15 04:15:09 UTC,software engineer
2024/11/15 04:34:21 UTC,software engineer
2024/11/15 14:15:18 UTC,software engineer
2024/11/15 14:27:40 UTC,software engineer
2024/11/16 07:35:33 UTC,software engineer
2024/11/16 07:53:13 UTC,software engineer
2024/11/16 14:21:03 UTC,software engineer
2024/11/16 14:23:05 UTC,software engineer
2024/11/17 09:34:16 UTC,software engineer
2024/11/17 09:51:35 UTC,software engineer
2024/11/17 14:11:01 UTC,software engineer
2024/11/17 14:12:49 UTC,software engineer
2024/11/18 11:33:23 UTC,software engineer
2024/11/18 11:49:24 UTC,software engineer
2024/11/18 14:24:28 UTC,software engineer
2024/11/18 14:28:19 UTC,software engineer
2024/11/19 13:32:26 UTC,software engineer
2024/11/19 13:50:16 UTC,software engineer
2024/11/19 14:16:25 UTC,software engineer
2024/11/19 14:20:41 UTC,software engineer
2024/11/20 14:17:46 UTC,software engineer
2024/11/20 14:29:25 UTC,software engineer
2024/11/20 15:31:31 UTC,software engineer
2024/11/20 15:48:17 UTC,software engineer
2024/11/21 14:11:18 UTC,software engineer
2024/11/21 14:17:38 UTC,software engineer
2024/11/21 17:31:36 UTC,software engineer
2024/11/21 17:48:17 UTC,software engineer
2024/11/22 14:28:56 UTC,software engineer
2024/11/22 14:33:50 UTC,software engineer
2024/11/22 19:31:17 UTC,software engineer
2024/11/22 19:46:17 UTC,software engineer
2024/11/23 14:11:24 UTC,software engineer
2024/11/23 14:21:59 UTC,software engineer
2024/11/23 21:32:01 UTC,software engineer
2024/11/23 21:45:39 UTC,software engineer
2024/11/24 14:17:53 UTC,software engineer
2024/11/24 14:18:02 UTC,software engineer
2024/11/24 23:29:51 UTC,software engineer
2024/11/24 23:45:38 UTC,software engineer
2024/11/25 14:13:06 UTC,software engineer
2024/11/25 14:17:25 UTC,software engineer
2024/11/26 01:26:19 UTC,software engineer
2024/11/26 01:45:51 UTC,software engineer
2024/11/26 14:10:33 UTC,software engineer
2024/11/26 14:12:04 UTC,software engineer
2024/11/27 03:25:00 UTC,software engineer
2024/11/27 03:44:41 UTC,software engineer
2024/11/27 14:33:55 UTC,software engineer
2024/11/27 14:45:44 UTC,software engineer
2024/11/28 05:21:23 UTC,software engineer
2024/11/28 05:41:54 UTC,software engineer
2024/11/28 14:15:19 UTC,software engineer
2024/11/28 14:21:03 UTC,software engineer
2024/11/29 07:18:03 UTC,software engineer
2024/11/29 07:38:24 UTC,software engineer
2024/11/29 14:24:15 UTC,software engineer
2024/11/29 14:25:20 UTC,software engineer
2024/11/30 09:15:12 UTC,software engineer
2024/11/30 09:36:00 UTC,software engineer
2024/11/30 14:09:31 UTC,software engineer
2024/11/30 14:12:06 UTC,software engineer
2024/12/01 11:10:28 UTC,software engineer
2024/12/01 11:30:37 UTC,software engineer
2024/12/01 14:09:08 UTC,software engineer
2024/12/01 14:10:52 UTC,software engineer
2024/12/02 13:05:26 UTC,software engineer
2024/12/02 13:27:15 UTC,software engineer
2024/12/02 14:13:35 UTC,software engineer
2024/12/02 14:18:52 UTC,software engineer
2024/12/03 14:17:59 UTC,software engineer
2024/12/03 14:22:35 UTC,software engineer
2024/12/03 15:01:41 UTC,software engineer
2024/12/03 15:23:14 UTC,software engineer
2024/12/04 14:19:41 UTC,software engineer
2024/12/04 14:31:46 UTC,software engineer
2024/12/04 17:00:30 UTC,software engineer
2024/12/04 17:19:36 UTC,software engineer
2024/12/05 14:09:27 UTC,software engineer
2024/12/05 14:18:08 UTC,software engineer
2024/12/05 18:55:25 UTC,software engineer
2024/12/05 19:16:58 UTC,software engineer
2024/12/06 14:13:54 UTC,software engineer
2024/12/06 14:23:45 UTC,software engineer
2024/12/06 20:50:21 UTC,software engineer
2024/12/06 21:14:55 UTC,software engineer
2024/12/07 14:14:55 UTC,software engineer
2024/12/07 14:17:15 UTC,software engineer
2024/12/07 22:47:52 UTC,software engineer
2024/12/07 23:10:53 UTC,software engineer
2024/12/08 14:11:38 UTC,software engineer
2024/12/08 14:18:06 UTC,software engineer
2024/12/09 00:42:58 UTC,software engineer
2024/12/09 01:07:38 UTC,software engineer
2024/12/09 14:15:53 UTC,software engineer
2024/12/09 14:16:55 UTC,software engineer
2024/12/10 02:41:35 UTC,software engineer
2024/12/10 03:04:12 UTC,software engineer
2024/12/10 14:40:34 UTC,software engineer
2024/12/10 14:42:57 UTC,software engineer
2024/12/11 04:39:37 UTC,software engineer
2024/12/11 04:59:42 UTC,software engineer
2024/12/11 14:23:33 UTC,software engineer
2024/12/11 14:25:05 UTC,software engineer
2024/12/12 06:32:41 UTC,software engineer
2024/12/12 06:54:49 UTC,software engineer
2024/12/12 14:10:32 UTC,software engineer
2024/12/12 14:16:11 UTC,software engineer
2024/12/13 08:27:39 UTC,software engineer
2024/12/13 08:51:26 UTC,software engineer
2024/12/13 14:24:53 UTC,software engineer
2024/12/13 14:28:47 UTC,software engineer
2024/12/14 10:20:31 UTC,software engineer
2024/12/14 10:44:52 UTC,software engineer
2024/12/14 14:07:41 UTC,software engineer
2024/12/14 14:13:54 UTC,software engineer
2024/12/15 12:14:18 UTC,software engineer
2024/12/15 12:39:34 UTC,software engineer
2024/12/15 14:16:12 UTC,software engineer
2024/12/15 14:17:27 UTC,software engineer
2024/12/16 14:15:35 UTC,software engineer
2024/12/16 14:16:02 UTC,software engineer
2024/12/16 14:17:14 UTC,software engineer
2024/12/16 14:41:55 UTC,software engineer
2024/12/17 14:07:57 UTC,software engineer
2024/12/17 14:37:55 UTC,software engineer
2024/12/17 16:10:45 UTC,software engineer
2024/12/17 16:37:00 UTC,software engineer
2024/12/18 14:34:05 UTC,software engineer
2024/12/18 14:35:15 UTC,software engineer
2024/12/18 18:04:16 UTC,software engineer
2024/12/18 18:31:44 UTC,software engineer
2024/12/19 14:13:15 UTC,software engineer
2024/12/19 14:30:51 UTC,software engineer
2024/12/19 20:00:30 UTC,software engineer
2024/12/19 20:26:48 UTC,software engineer
2024/12/20 14:14:59 UTC,software engineer
2024/12/20 14:15:44 UTC,software engineer
2024/12/20 21:58:19 UTC,software engineer
2024/12/20 22:23:40 UTC,software engineer
2024/12/21 14:19:38 UTC,software engineer
2024/12/21 14:24:43 UTC,software engineer
2024/12/21 23:57:05 UTC,software engineer
2024/12/22 00:21:46 UTC,software engineer
2024/12/22 14:24:17 UTC,software engineer
2024/12/22 14:38:01 UTC,software engineer
2024/12/23 01:48:39 UTC,software engineer
2024/12/23 02:15:11 UTC,software engineer
2024/12/23 14:14:37 UTC,software engineer
2024/12/23 14:39:12 UTC,software engineer
2024/12/24 03:40:15 UTC,software engineer
2024/12/24 04:05:13 UTC,software engineer
2024/12/24 14:14:34 UTC,software engineer
2024/12/24 14:15:24 UTC,software engineer
2024/12/25 05:29:46 UTC,software engineer
2024/12/25 05:54:59 UTC,software engineer
2024/12/25 14:13:10 UTC,software engineer
2024/12/25 14:36:55 UTC,software engineer
2024/12/26 07:17:04 UTC,software engineer
2024/12/26 07:42:25 UTC,software engineer
2024/12/26 14:10:19 UTC,software engineer
2024/12/26 14:19:44 UTC,software engineer
2024/12/27 09:07:04 UTC,software engineer
2024/12/27 09:31:19 UTC,software engineer
2024/12/27 14:40:44 UTC,software engineer
2024/12/27 14:44:30 UTC,software engineer
2024/12/28 10:54:47 UTC,software engineer
2024/12/28 11:18:59 UTC,software engineer
2024/12/28 14:18:49 UTC,software engineer
2024/12/28 14:42:46 UTC,software engineer
2024/12/29 12:43:00 UTC,software engineer
2024/12/29 13:07:31 UTC,software engineer
2024/12/29 14:32:25 UTC,software engineer
2024/12/29 14:33:14 UTC,software engineer
2024/12/30 14:13:46 UTC,software engineer
2024/12/30 14:30:04 UTC,software engineer
2024/12/30 14:30:50 UTC,software engineer
2024/12/30 14:55:41 UTC,software engineer
2024/12/31 14:09:22 UTC,software engineer
2024/12/31 14:33:24 UTC,software engineer
2024/12/31 16:16:59 UTC,software engineer
2024/12/31 16:41:55 UTC,software engineer
2025/01/01 14:22:47 UTC,software engineer
2025/01/01 14:24:47 UTC,software engineer
2025/01/01 18:02:51 UTC,software engineer
2025/01/01 18:25:48 UTC,software engineer
2025/01/02 14:19:11 UTC,software engineer
2025/01/02 14:23:44 UTC,software engineer
2025/01/02 19:49:14 UTC,software engineer
2025/01/02 20:12:03 UTC,software engineer
2025/01/03 14:41:43 UTC,software engineer
2025/01/03 14:41:44 UTC,software engineer
2025/01/03 21:37:56 UTC,software engineer
2025/01/03 21:59:28 UTC,software engineer
2025/01/04 14:13:17 UTC,software engineer
2025/01/04 14:21:51 UTC,software engineer
2025/01/04 23:33:36 UTC,software engineer
2025/01/04 23:53:02 UTC,software engineer
2025/01/05 14:24:52 UTC,software engineer
2025/01/05 14:30:46 UTC,software engineer
2025/01/06 01:30:16 UTC,software engineer
2025/01/06 01:52:23 UTC,software engineer
2025/01/06 14:17:10 UTC,software engineer
2025/01/06 14:17:14 UTC,software engineer
2025/01/07 03:14:54 UTC,software engineer
2025/01/07 03:38:23 UTC,software engineer
2025/01/07 14:14:12 UTC,software engineer
2025/01/07 14:25:20 UTC,software engineer
2025/01/08 05:00:26 UTC,software engineer
2025/01/08 05:27:24 UTC,software engineer
2025/01/08 14:27:39 UTC,software engineer
2025/01/08 14:36:51 UTC,software engineer
2025/01/09 06:48:43 UTC,software engineer
2025/01/09 07:14:47 UTC,software engineer
2025/01/09 14:23:03 UTC,software engineer
2025/01/09 14:27:06 UTC,software engineer
2025/01/10 08:38:16 UTC,software engineer
2025/01/10 09:05:06 UTC,software engineer
2025/01/10 14:25:41 UTC,software engineer
2025/01/10 14:47:08 UTC,software engineer
2025/01/11 10:25:55 UTC,software engineer
2025/01/11 10:54:05 UTC,software engineer
2025/01/11 14:21:26 UTC,software engineer
2025/01/11 14:27:29 UTC,software engineer
2025/01/12 12:15:53 UTC,software engineer
2025/01/12 12:45:20 UTC,software engineer
2025/01/12 14:24:23 UTC,software engineer
2025/01/12 14:34:04 UTC,software engineer
2025/01/12 16:31:00 UTC,frontend developer
2025/01/12 16:31:00 UTC,frontend developer
2025/01/12 16:31:00 UTC,frontend developer
2025/01/12 16:31:00 UTC,machine learning engineer
2025/01/12 16:31:00 UTC,machine learning engineer
2025/01/12 16:31:00 UTC,machine learning engineer
2025/01/12 16:31:00 UTC,software engineer
2025/01/12 16:31:07 UTC,frontend developer
2025/01/12 16:31:30 UTC,software engineer
2025/01/12 16:37:48 UTC,software engineer
2025/01/12 16:38:04 UTC,frontend developer
2025/01/13 14:06:25 UTC,software engineer
2025/01/13 14:12:14 UTC,software engineer
2025/01/13 14:16:30 UTC,software engineer
2025/01/13 14:35:45 UTC,software engineer
2025/01/13 17:34:31 UTC,frontend developer
2025/01/13 17:48:58 UTC,software engineer
2025/01/13 18:27:22 UTC,frontend developer
2025/01/13 18:28:19 UTC,software engineer
2025/01/14 14:14:23 UTC,software engineer
2025/01/14 14:16:33 UTC,software engineer
2025/01/14 15:56:33 UTC,software engineer
2025/01/14 16:27:16 UTC,software engineer
2025/01/14 17:13:52 UTC,software engineer
2025/01/14 17:27:40 UTC,frontend developer
2025/01/14 20:16:22 UTC,frontend developer
2025/01/14 20:17:06 UTC,software engineer
2025/01/15 14:36:00 UTC,software engineer
2025/01/15 14:41:19 UTC,software engineer
2025/01/15 17:22:08 UTC,frontend developer
2025/01/15 17:34:56 UTC,software engineer
2025/01/15 17:48:13 UTC,software engineer
2025/01/15 18:19:13 UTC,software engineer
2025/01/15 19:14:24 UTC,Senior Frontend Developer
2025/01/15 22:07:35 UTC,frontend developer
2025/01/15 22:10:45 UTC,software engineer
2025/01/16 14:26:31 UTC,software engineer
2025/01/16 14:45:45 UTC,software engineer
2025/01/16 17:20:16 UTC,frontend developer
2025/01/16 17:21:28 UTC,software engineer
2025/01/16 20:13:12 UTC,software engineer
2025/01/16 21:19:00 UTC,software engineer
2025/01/17 01:05:08 UTC,frontend developer
2025/01/17 01:09:26 UTC,software engineer
2025/01/17 17:23:50 UTC,software engineer
2025/01/17 17:40:24 UTC,frontend developer
2025/01/18 03:14:29 UTC,frontend developer
2025/01/18 03:17:50 UTC,software engineer
2025/01/18 17:19:45 UTC,software engineer
2025/01/18 17:21:04 UTC,frontend developer
2025/01/18 19:07:06 UTC,Senior Frontend Developer
2025/01/19 05:05:11 UTC,frontend developer
2025/01/19 05:08:43 UTC,software engineer
2025/01/19 17:11:47 UTC,frontend developer
2025/01/19 17:30:49 UTC,software engineer
2025/01/19 21:08:01 UTC,Frontend Developer
2025/01/20 06:53:02 UTC,frontend developer
2025/01/20 06:58:17 UTC,software engineer
2025/01/20 17:28:56 UTC,software engineer
2025/01/20 17:29:10 UTC,frontend developer
2025/01/20 21:07:04 UTC,Frontend Developer
2025/01/21 08:41:51 UTC,frontend developer
2025/01/21 08:47:41 UTC,software engineer
2025/01/21 17:14:43 UTC,frontend developer
2025/01/21 17:30:10 UTC,software engineer
2025/01/21 17:45:57 UTC,software engineer
2025/01/21 19:07:03 UTC,Frontend Developer
2025/01/21 19:07:03 UTC,Frontend Developer
2025/01/22 10:30:42 UTC,frontend developer
2025/01/22 10:39:46 UTC,software engineer
2025/01/22 17:20:53 UTC,software engineer
2025/01/22 17:33:08 UTC,frontend developer
2025/01/23 12:23:53 UTC,frontend developer
2025/01/23 12:32:38 UTC,software engineer
2025/01/23 17:27:03 UTC,software engineer
2025/01/23 17:32:02 UTC,frontend developer
2025/01/24 14:16:37 UTC,frontend developer
2025/01/24 14:24:00 UTC,software engineer
2025/01/24 17:33:06 UTC,software engineer
2025/01/24 17:48:44 UTC,frontend developer
2025/01/25 16:09:40 UTC,frontend developer
2025/01/25 16:16:05 UTC,software engineer
2025/01/25 17:14:02 UTC,frontend developer
2025/01/25 17:36:33 UTC,software engineer
2025/01/25 19:07:21 UTC,Frontend Developer
2025/01/26 10:21:51 UTC,aditya roy
2025/01/26 10:21:52 UTC,aditya singh chauhan
2025/01/26 10:21:52 UTC,aditya singh chauhan
2025/01/26 10:22:17 UTC,lakshya kumar
2025/01/26 17:18:26 UTC,software engineer
2025/01/26 17:41:43 UTC,frontend developer
2025/01/26 18:03:01 UTC,frontend developer
2025/01/26 18:11:04 UTC,software engineer
2025/01/26 19:07:37 UTC,Senior Frontend Developer
2025/01/27 17:24:28 UTC,frontend developer
2025/01/27 17:29:21 UTC,software engineer
2025/01/27 19:57:23 UTC,frontend developer
2025/01/27 20:03:11 UTC,software engineer
2025/01/28 17:24:26 UTC,software engineer
2025/01/28 17:28:04 UTC,frontend developer
2025/01/28 21:52:46 UTC,frontend developer
2025/01/28 21:58:54 UTC,software engineer
2025/01/29 12:21:57 UTC,satyam anand
2025/01/29 12:22:05 UTC,satyam satyaprakash
2025/01/29 12:22:17 UTC,sanskriti singh
2025/01/29 12:22:19 UTC,punit kundalia
2025/01/29 12:22:35 UTC,vishav kumar bindal
2025/01/29 12:22:36 UTC,vishal vaibhav
2025/01/29 12:22:38 UTC,vishal verma
2025/01/29 12:23:13 UTC,satyam anand
2025/01/29 12:23:18 UTC,avinash kaushik
2025/01/29 12:23:24 UTC,aviral sharma
2025/01/29 17:38:42 UTC,frontend developer
2025/01/29 17:45:50 UTC,software engineer
2025/01/29 23:50:11 UTC,frontend developer
2025/01/29 23:56:41 UTC,software engineer
2025/01/30 10:04:56 UTC,iqbal hossain
2025/01/30 10:05:51 UTC,iqvia
2025/01/30 10:06:21 UTC,iqbal ansari
2025/01/30 10:32:59 UTC,iqbal ansari
2025/01/30 10:33:01 UTC,iqbal ansari
2025/01/30 17:15:10 UTC,frontend developer
2025/01/30 17:34:44 UTC,software engineer
2025/01/31 01:48:59 UTC,frontend developer
2025/01/31 01:55:07 UTC,software engineer
2025/01/31 17:46:53 UTC,software engineer
2025/01/31 18:01:15 UTC,frontend developer
2025/02/01 03:44:32 UTC,frontend developer
2025/02/01 03:53:58 UTC,software engineer
2025/02/01 17:13:49 UTC,frontend developer
2025/02/01 17:21:00 UTC,software engineer
2025/02/01 21:08:57 UTC,Frontend Developer
2025/02/02 05:43:04 UTC,frontend developer
2025/02/02 05:50:14 UTC,software engineer
2025/02/02 17:10:15 UTC,frontend developer
2025/02/02 17:14:53 UTC,software engineer
2025/02/02 21:08:42 UTC,Frontend Developer
2025/02/03 07:41:57 UTC,frontend developer
2025/02/03 07:46:25 UTC,software engineer
2025/02/03 09:56:45 UTC,vishal verma
2025/02/03 09:57:05 UTC,keshav maheshwari
2025/02/03 09:57:31 UTC,keshav kumar
2025/02/03 09:58:05 UTC,vidhi pawar
2025/02/03 09:59:02 UTC,Vishal Verma
2025/02/03 09:59:02 UTC,Vishal Verma
2025/02/03 09:59:48 UTC,Keshav Kumar Singh
2025/02/03 09:59:48 UTC,Keshav Kumar Singh
2025/02/03 09:59:57 UTC,Vishal Verma
2025/02/03 09:59:59 UTC,Vishal Verma
2025/02/03 10:00:12 UTC,vishal verma
2025/02/03 10:00:14 UTC,aditya roy
2025/02/03 10:00:34 UTC,Keshav 
2025/02/03 10:00:34 UTC,Keshav 
2025/02/03 10:00:41 UTC,Keshav 
2025/02/03 10:00:42 UTC,Keshav 
2025/02/03 10:00:56 UTC,Satyam
2025/02/03 10:00:56 UTC,Satyam
2025/02/03 10:00:57 UTC,Satyam
2025/02/03 10:02:38 UTC,Keshav 
2025/02/03 10:02:38 UTC,Keshav 
2025/02/03 12:28:25 UTC,Data Scientist
2025/02/03 17:13:22 UTC,software engineer
2025/02/03 17:26:08 UTC,frontend developer
2025/02/04 09:39:54 UTC,frontend developer
2025/02/04 09:44:01 UTC,software engineer
2025/02/04 17:21:56 UTC,frontend developer
2025/02/04 17:44:51 UTC,software engineer
2025/02/04 21:07:12 UTC,Frontend Developer
2025/02/05 11:39:11 UTC,frontend developer
2025/02/05 11:40:29 UTC,software engineer
2025/02/05 17:16:09 UTC,software engineer
2025/02/05 17:22:18 UTC,frontend developer
2025/02/06 13:38:21 UTC,frontend developer
2025/02/06 13:41:21 UTC,software engineer
2025/02/06 17:19:31 UTC,frontend developer
2025/02/06 17:47:24 UTC,software engineer
2025/02/07 15:40:55 UTC,frontend developer
2025/02/07 15:43:16 UTC,software engineer
2025/02/07 17:19:55 UTC,frontend developer
2025/02/07 17:46:29 UTC,software engineer
2025/02/07 19:07:18 UTC,Frontend Developer
2025/02/08 17:28:36 UTC,frontend developer
2025/02/08 17:28:38 UTC,software engineer
2025/02/08 17:37:57 UTC,frontend developer
2025/02/08 17:41:37 UTC,software engineer
2025/02/08 19:07:43 UTC,Frontend Developer
2025/02/09 17:13:02 UTC,frontend developer
2025/02/09 17:27:28 UTC,software engineer
2025/02/09 17:29:17 UTC,frontend developer
2025/02/09 19:37:30 UTC,frontend developer
2025/02/09 19:40:57 UTC,software engineer
2025/02/10 15:23:57 UTC,visjou
2025/02/10 15:23:59 UTC,vishwas
2025/02/10 15:24:07 UTC,vishwas sharma
2025/02/10 15:24:07 UTC,vishwas sharma
2025/02/10 17:26:16 UTC,software engineer
2025/02/10 17:41:12 UTC,frontend developer
2025/02/10 21:39:00 UTC,frontend developer
2025/02/10 21:43:06 UTC,software engineer
2025/02/11 17:16:20 UTC,frontend developer
2025/02/11 17:33:49 UTC,software engineer
2025/02/12 00:05:01 UTC,frontend developer
2025/02/12 00:06:55 UTC,software engineer
2025/02/12 17:30:25 UTC,frontend developer
2025/02/12 17:33:38 UTC,software engineer
2025/02/12 23:07:20 UTC,Frontend Developer
2025/02/13 02:17:50 UTC,frontend developer
2025/02/13 02:22:21 UTC,software engineer
2025/02/13 17:19:38 UTC,frontend developer
2025/02/13 17:39:32 UTC,software engineer
2025/02/14 04:22:37 UTC,frontend developer
2025/02/14 04:27:38 UTC,software engineer
2025/02/14 17:21:00 UTC,software engineer
2025/02/14 17:45:11 UTC,frontend developer
2025/02/15 06:24:53 UTC,frontend developer
2025/02/15 06:29:20 UTC,software engineer
2025/02/15 17:20:04 UTC,frontend developer
2025/02/15 17:39:18 UTC,software engineer
2025/02/16 09:01:30 UTC,frontend developer
2025/02/16 09:06:53 UTC,software engineer
2025/02/16 17:12:20 UTC,frontend developer
2025/02/16 17:30:46 UTC,software engineer
2025/02/16 19:07:13 UTC,Frontend Developer
2025/02/17 11:03:51 UTC,frontend developer
2025/02/17 11:10:04 UTC,software engineer
2025/02/17 17:16:15 UTC,frontend developer
2025/02/17 17:24:36 UTC,software engineer
2025/02/18 13:09:29 UTC,frontend developer
2025/02/18 13:13:44 UTC,software engineer
2025/02/18 17:27:39 UTC,software engineer
2025/02/18 17:45:25 UTC,frontend developer
2025/02/18 19:07:07 UTC,Frontend Developer
2025/02/18 19:07:25 UTC,Frontend Developer
2025/02/19 15:15:56 UTC,frontend developer
2025/02/19 15:17:16 UTC,software engineer
2025/02/19 17:16:58 UTC,frontend developer
2025/02/19 17:40:53 UTC,software engineer
2025/02/20 17:12:06 UTC,software engineer
2025/02/20 17:15:38 UTC,frontend developer
2025/02/20 17:20:46 UTC,frontend developer
2025/02/20 17:22:43 UTC,software engineer
2025/02/20 21:07:38 UTC,Software Engineer
2025/02/21 17:27:25 UTC,frontend developer
2025/02/21 17:43:48 UTC,software engineer
2025/02/21 19:25:58 UTC,frontend developer
2025/02/21 19:29:30 UTC,software engineer
2025/02/22 17:10:51 UTC,software engineer
2025/02/22 17:20:25 UTC,frontend developer
2025/02/22 19:07:18 UTC,Frontend Developer
2025/02/22 21:31:04 UTC,frontend developer
2025/02/22 21:36:24 UTC,software engineer
2025/02/23 17:15:06 UTC,frontend developer
2025/02/23 17:20:10 UTC,software engineer
2025/02/23 17:24:00 UTC,frontend developer
2025/02/23 23:36:00 UTC,frontend developer
2025/02/23 23:41:45 UTC,software engineer
2025/02/24 17:38:27 UTC,software engineer
2025/02/24 19:57:44 UTC,frontend developer
2025/02/24 20:27:37 UTC,frontend developer
2025/02/25 01:43:18 UTC,frontend developer
2025/02/25 01:48:07 UTC,software engineer
2025/02/25 17:45:00 UTC,frontend developer
2025/02/25 17:58:04 UTC,software engineer
2025/02/26 03:50:52 UTC,frontend developer
2025/02/26 03:55:41 UTC,software engineer
2025/02/26 17:33:53 UTC,frontend developer
2025/02/26 17:40:24 UTC,software engineer
2025/02/26 21:07:06 UTC,Software Engineer
2025/02/27 05:58:48 UTC,frontend developer
2025/02/27 06:05:14 UTC,software engineer
2025/02/27 17:17:02 UTC,frontend developer
2025/02/27 17:57:52 UTC,software engineer
2025/02/28 08:05:45 UTC,frontend developer
2025/02/28 08:10:50 UTC,software engineer
2025/02/28 17:25:08 UTC,software engineer
2025/02/28 17:35:02 UTC,frontend developer
2025/02/28 19:07:03 UTC,Frontend Developer
2025/03/01 10:14:35 UTC,frontend developer
2025/03/01 10:18:57 UTC,software engineer
2025/03/01 17:42:02 UTC,software engineer
2025/03/02 05:18:46 UTC,frontend developer
2025/03/02 08:10:04 UTC,frontend developer
2025/03/02 09:07:09 UTC,Software Engineer
2025/03/02 12:22:36 UTC,frontend developer
2025/03/02 12:26:16 UTC,software engineer
2025/03/02 18:04:35 UTC,software engineer
2025/03/03 08:46:03 UTC,software engineer
2025/03/03 14:30:22 UTC,frontend developer
2025/03/03 14:35:10 UTC,software engineer
2025/03/03 17:33:11 UTC,frontend developer
2025/03/03 21:07:19 UTC,Frontend Developer
2025/03/04 16:38:50 UTC,frontend developer
2025/03/04 16:43:24 UTC,software engineer
2025/03/04 17:19:52 UTC,software engineer
2025/03/04 17:27:32 UTC,frontend developer
2025/03/04 21:07:12 UTC,Senior Frontend Developer
2025/03/05 17:23:03 UTC,frontend developer
2025/03/05 17:49:48 UTC,software engineer
2025/03/05 18:47:51 UTC,frontend developer
2025/03/05 18:50:22 UTC,software engineer
2025/03/05 21:07:08 UTC,Software Engineer
2025/03/06 17:20:39 UTC,software engineer
2025/03/06 17:53:25 UTC,frontend developer
2025/03/06 20:57:36 UTC,frontend developer
2025/03/06 21:00:10 UTC,software engineer
2025/03/07 17:22:42 UTC,software engineer
2025/03/07 17:50:04 UTC,frontend developer
2025/03/07 23:06:00 UTC,frontend developer
2025/03/07 23:08:33 UTC,software engineer
2025/03/08 02:29:46 UTC,satyam anand
2025/03/08 02:29:52 UTC,satyam satyaprakash
2025/03/08 02:29:59 UTC,Satyam Satyapathy
2025/03/08 02:30:00 UTC,Satyam Satyapathy
2025/03/08 02:30:06 UTC,satyam satapathy
2025/03/08 02:30:07 UTC,satyam satapathy
2025/03/08 17:33:58 UTC,frontend developer
2025/03/08 17:44:30 UTC,software engineer
2025/03/09 01:25:43 UTC,frontend developer
2025/03/09 01:26:37 UTC,software engineer
2025/03/09 16:15:50 UTC,frontend developer
2025/03/09 16:27:33 UTC,software engineer
2025/03/09 17:07:03 UTC,Senior Frontend Developer
2025/03/10 03:31:30 UTC,frontend developer
2025/03/10 03:35:32 UTC,software engineer
2025/03/10 16:27:35 UTC,software engineer
2025/03/10 16:35:59 UTC,frontend developer
2025/03/10 19:07:14 UTC,Frontend Developer
2025/03/11 05:39:53 UTC,frontend developer
2025/03/11 05:43:31 UTC,software engineer

